Student,X,Y,
1,-0.3,-0.8,
2,0.8,0.2,
3,0.3,0.8,
4,0.6,-0.3,
5,1,0,
6,-0.6,0.2,
7,-0.7,0.6,
8,0.2,0.8,
9,-0.7,0.4,
10,0.9,0.1,
11,0.9,0.3,
12,-0.7,-0.3,
13,0,-0.8,
14,0.8,-0.3,
15,0.5,0.5,
16,-0.6,-0.6,
17,0.3,-0.5,
18,0.9,-0.3,
19,-0.8,-0.6,
20,-0.8,-0.4,
,,,La media evidenzia una leggera dispersione o presenza di posizioni alternative
,,,La mediana indica la prospettiva preferita dalla maggioranza
,,,"Risultato: Media e mediana sono abbastanza vicine. Distribuzione abbastanza coerente tra i tester. La vicinanza tra media e mediana indica una distribuzione relativamente omogenea delle scelte, suggerendo una preferenza condivisa per una prospettiva leggermente decentrata verso destra e verso il basso, con variazioni individuali contenute."
